URN,LA_name,EstablishmentName,PhaseOfEducation_name,NumberOfPupils,Postcode,Easting,Northing,MSOA_code,LSOA_code
113050,Devon,Chestnut Nursery,Nursery,71,EX2 6DJ,294145,91451,E02004161,E01020014
134674,Devon,West Exe Nursery School,Nursery,135,EX4 1HL,290963,91692,E02004158,E01020031
113183,Devon,Abbotskerswell Primary School,Primary,111,TQ12 5NS,285630,68932,E02004219,E01020192
143186,Devon,All Saints Church of England Primary School,Primary,109,EX13 7LX,330530,101145,E02004133,E01019966
142251,Devon,All Saints Marsh CofE Academy,Primary,92,TQ12 2DJ,286527,71491,E02004214,E01020217
143188,Devon,Alphington Primary School,Primary,464,EX2 8RQ,291487,90093,E02004162,E01019969
113125,Devon,Appledore School,Primary,249,EX39 1PF,246089,130265,E02004220,E01020276
136561,Devon,Ashburton Primary School,Primary,188,TQ13 7DW,275833,69838,E02004217,E01020196
145810,Devon,Ashleigh CofE  Primary School,Primary,264,EX32 8LJ,256324,133100,E02004182,E01020094
113126,Devon,Ashwater Primary School,Primary,26,EX21 5EW,239029,95896,E02004228,E01020290
138631,Devon,Aveton Gifford CofE Primary School,Primary,97,TQ7 4LB,269402,47703,E02004196,E01020147
113422,Devon,Awliscombe Church of England Primary School,Primary,87,EX14 3PJ,313483,101648,E02004132,E01019959
141523,Devon,Axminster Community Primary Academy,Primary,194,EX13 5BU,330193,98585,E02004133,E01019887
145762,Devon,Bampton Church of England Primary School,Primary,128,EX16 9NW,295242,122090,E02004164,E01020050
113120,Devon,Bassetts Farm Primary School,Primary,412,EX8 4GB,302114,82502,E02004146,E01019924
113129,Devon,Beaford Community Primary & Nursery School,Primary,111,EX19 8LJ,255496,114896,E02004226,E01020303
142649,Devon,Bearnes Voluntary Primary School,Primary,102,TQ12 2AU,286279,71372,E02004214,E01020218
143190,Devon,Beer Church of England Primary School,Primary,109,EX12 3NB,322437,89312,E02004137,E01019890
147639,Devon,Bere Alston Primary Academy,Primary,100,PL20 7AU,244377,67000,E02004235,E01020313
113388,Devon,Berry Pomeroy Parochial Church of England Primary School,Primary,99,TQ9 6LH,282965,61285,E02004192,E01020156
113371,Devon,Berrynarbor Church of England Primary School,Primary,91,EX34 9SE,256044,146630,E02004176,E01020099
113493,Devon,Bickleigh Down Church of England Primary School,Primary,411,PL6 7JW,250831,61501,E02004189,E01020146
137776,Devon,Bickleigh on Exe Church of England Primary School,Primary,147,EX16 8RE,294024,107126,E02004171,E01020044
113133,Devon,Bishops Nympton Primary School,Primary,75,EX36 4PU,275876,123759,E02004188,E01020087
113134,Devon,Bishops Tawton Primary School,Primary,173,EX32 0AE,256557,130349,E02004186,E01020122
113185,Devon,Bishopsteignton School,Primary,206,TQ14 9RJ,290578,73523,E02004211,E01020201
145341,Devon,Black Torrington Church of England Primary School,Primary,30,EX21 5PU,246479,105684,E02004228,E01020289
141284,Devon,Blackawton Primary School,Primary,130,TQ9 7BE,280431,50958,E02004192,E01020188
137665,Devon,Blackpool Church of England Primary School,Primary,317,TQ12 6JB,281245,74084,E02004207,E01020237
145330,Devon,Boasley Cross Community Primary School,Primary,60,EX20 4JH,250036,93705,E02004232,E01020314
113337,Devon,Bolham Community Primary School,Primary,111,EX16 7RA,295146,114786,E02004165,E01020047
113187,Devon,Bovey Tracey Primary School,Primary,288,TQ13 9HZ,281454,78575,E02004204,E01020206
113060,Devon,Bow Community Primary School,Primary,138,EX17 6HU,272236,101402,E02004172,E01020076
143193,Devon,Bowhill Primary School,Primary,486,EX4 1JT,290735,91779,E02004158,E01019975
145346,Devon,Bradford Primary School,Primary,27,EX22 7AB,241883,105749,E02004228,E01020289
113241,Devon,Bradley Barton Primary School and Nursery Unit,Primary,462,TQ12 1PR,284505,71339,E02004212,E01020209
136492,Devon,Bradworthy Primary Academy,Primary,198,EX22 7RT,232273,114091,E02004227,E01020291
113347,Devon,Brampford Speke Church of England Primary School,Primary,63,EX5 5HE,292625,98496,E02004134,E01019903
113348,Devon,Branscombe Church of England Primary School,Primary,29,EX12 3DA,319619,88631,E02004137,E01019890
145809,Devon,Bratton Fleming Community Primary School,Primary,113,EX31 4SB,264359,137763,E02004180,E01020088
141761,Devon,Brayford Academy,Primary,34,EX32 7QJ,269072,134815,E02004187,E01020131
145331,Devon,Bridestowe Primary School,Primary,84,EX20 4EL,251413,89366,E02004232,E01020314
145342,Devon,Bridgerule Church of England Primary School,Primary,56,EX22 7EN,227582,102851,E02004227,E01020302
142044,Devon,Brixington Primary Academy,Primary,424,EX8 4JQ,301509,82985,E02004143,E01019906
136280,Devon,Broadclyst Community Primary School,Primary,535,EX5 3JG,298400,97447,E02004134,E01019891
113349,Devon,Broadhembury Church of England Primary School,Primary,24,EX14 3NF,310164,104687,E02004132,E01019959
147493,Devon,Broadhempston Village Primary School,Primary,100,TQ9 6BL,280151,66266,E02004219,E01020193
136562,Devon,Buckfastleigh Primary School,Primary,193,TQ11 0DD,273780,66097,E02004217,E01020199
113141,Devon,Buckland Brewer Primary School,Primary,61,EX39 5LX,242115,120586,E02004227,E01020309
113350,Devon,Burlescombe Church of England Primary School,Primary,56,EX16 7JH,307009,116989,E02004164,E01020046
113138,Devon,Caen Community Primary School,Primary,436,EX33 1AD,248731,136704,E02004179,E01020093
113245,Devon,Canada Hill Community Primary School,Primary,345,TQ12 6YS,284789,70218,E02004213,E01020194
145338,Devon,Chagford Church of England Primary School,Primary,143,TQ13 8BZ,270236,87969,E02004231,E01020318
144073,Devon,Charleton Church of England Academy,Primary,77,TQ7 2AL,275496,42625,E02004199,E01020174
145397,Devon,Cheriton Bishop Community Primary School,Primary,88,EX6 6HY,277287,93559,E02004172,E01020082
113064,Devon,Cheriton Fitzpaine Primary School,Primary,77,EX17 4AN,287312,106369,E02004164,E01020077
113449,Devon,Chittlehampton Church of England Primary School,Primary,25,EX37 9QW,263569,125563,E02004187,E01020097
138733,Devon,Christow Primary School,Primary,102,EX6 7PE,283225,85094,E02004203,E01020273
113392,Devon,Chudleigh Church of England Community Primary School,Primary,423,TQ13 0LS,286775,79291,E02004204,E01020222
137666,Devon,Chudleigh Knighton Church of England Primary School,Primary,110,TQ13 0EU,284509,77456,E02004204,E01020223
137023,Devon,Chulmleigh Primary School,Primary,190,EX18 7AA,268834,114686,E02004188,E01020098
147492,Devon,Clawton Primary School,Primary,100,EX22 6QN,235354,98966,E02004228,E01020286
134641,Devon,Clyst Heath Nursery and Community Primary School,Primary,351,EX2 7QT,295722,91477,E02004159,E01033232
113065,Devon,Clyst Hydon Primary School,Primary,30,EX15 2ND,303568,101619,E02004134,E01019891
113066,Devon,Clyst St Mary Primary School,Primary,196,EX5 1BG,297438,90985,E02004142,E01019898
145766,Devon,Cockwood Primary School,Primary,100,EX6 8RB,297628,80575,E02004205,E01020229
113067,Devon,Colyton Primary School,Primary,171,EX24 6NU,324379,93889,E02004135,E01019899
145764,Devon,Combe Martin Primary School,Primary,189,EX34 0DF,257913,147207,E02004176,E01020099
113068,Devon,Copplestone Primary School,Primary,169,EX17 5NX,277195,102857,E02004173,E01020083
113409,Devon,Cornwood Church of England Primary School,Primary,74,PL21 9PZ,260645,59812,E02004190,E01020148
113079,Devon,Countess Wear Community School,Primary,358,EX2 7BS,294662,89626,E02004163,E01020012
113071,Devon,Culmstock Primary School,Primary,126,EX15 3JP,310115,114026,E02004166,E01020074
113394,Devon,Dartington Church of England Primary School,Primary,261,TQ9 6JU,278515,62342,E02004194,E01020150
113209,Devon,Decoy Primary School,Primary,445,TQ12 1DH,286915,70075,E02004215,E01020227
113197,Devon,Denbury Primary School,Primary,114,TQ12 6DP,282210,68881,E02004219,E01020193
142652,Devon,Diptford Parochial Church of England Primary School,Primary,74,TQ9 7NY,272801,56737,E02004194,E01020143
113198,Devon,Doddiscombsleigh Primary  School,Primary,36,EX6 7PR,285429,86683,E02004201,E01020274
145770,Devon,Dolton Church of England Primary School,Primary,35,EX19 8QF,256994,112053,E02004226,E01020303
147495,Devon,Drake's Church of England Primary School,Primary,100,EX9 7DQ,306661,84579,E02004145,E01019895
145347,Devon,Dunsford Community Academy,Primary,79,EX6 7DD,281164,89185,E02004203,E01020273
141287,Devon,East Allington Primary School,Primary,88,TQ9 7RE,276992,48323,E02004194,E01020142
113146,Devon,East Anstey Primary School,Primary,50,EX16 9JP,286770,126290,E02004188,E01020087
137025,Devon,East Worlington Primary School,Primary,46,EX17 4TS,277494,113744,E02004188,E01020098
113130,Devon,East-the-Water Community Primary School,Primary,452,EX39 4BZ,246421,126204,E02004223,E01020279
146096,Devon,Eden Park Academy,Primary,173,EX32 8EF,257204,132739,E02004184,E01020103
113249,Devon,Ermington Primary School,Primary,156,PL21 9NH,263809,53064,E02004196,E01020159
145339,Devon,Exbourne Church of England Primary School,Primary,66,EX20 3SQ,260259,101903,E02004229,E01020320
113095,Devon,Exeter Road Community Primary School,Primary,230,EX8 1PU,300251,81245,E02004147,E01019919
113201,Devon,Exminster Community Primary,Primary,391,EX6 8AJ,294408,87756,E02004202,E01020240
144072,Devon,Exwick Heights Primary School,Primary,620,EX4 2FB,290154,93344,E02004153,E01019984
113432,Devon,Farway Church of England Primary School,Primary,24,EX24 6EQ,317169,96394,E02004137,E01019901
113433,Devon,Feniton Church of England Primary School,Primary,208,EX14 3EA,309891,99428,E02004132,E01019925
113148,Devon,Filleigh Community Primary School,Primary,80,EX32 0RS,266587,128008,E02004187,E01020097
113149,Devon,Fremington Community Primary and Nursery School,Primary,412,EX31 3DD,250985,132283,E02004185,E01020105
141353,Devon,Gatehouse Primary Academy,Primary,370,EX7 0LW,296126,77679,E02004205,E01020229
113375,Devon,Georgeham Church of England (VC) Primary School,Primary,98,EX33 1JT,246244,139846,E02004178,E01020109
113376,Devon,Goodleigh Church of England Primary School,Primary,98,EX32 7LU,259839,134126,E02004180,E01020088
113377,Devon,Great Torrington Bluecoat Church of England Primary School,Primary,502,EX38 7NU,250028,119124,E02004225,E01020306
113250,Devon,Gulworthy Primary School,Primary,74,PL19 8JA,244733,72789,E02004232,E01020331
113338,Devon,Halberton Primary School,Primary,77,EX16 7AT,300548,112855,E02004169,E01020059
113151,Devon,Halwill Community Primary School,Primary,100,EX21 5XU,244589,99773,E02004228,E01020290
142707,Devon,Harbertonford Church of England Primary School,Primary,109,TQ9 7TA,278505,56367,E02004194,E01020143
113152,Devon,Hartland Primary School,Primary,118,EX39 6BP,226109,124548,E02004224,E01020292
113251,Devon,Hatherleigh Community Primary School,Primary,188,EX20 3JB,254128,104221,E02004229,E01020321
143187,Devon,Hawkchurch Church of England School,Primary,46,EX13 5XD,334664,99981,E02004133,E01019886
133893,Devon,Haytor View Community Primary School,Primary,209,TQ12 4BD,287567,71024,E02004214,E01020211
113069,Devon,Hayward's Primary School,Primary,397,EX17 3AX,283732,100054,E02004174,E01020041
113224,Devon,Hazeldown School,Primary,421,TQ14 8SE,293655,74689,E02004208,E01020265
113343,Devon,Heathcoat Primary School,Primary,419,EX16 5HE,295006,112303,E02004168,E01020078
137654,Devon,Hemyock Primary School,Primary,235,EX15 3RY,313408,113219,E02004166,E01020074
142709,Devon,Hennock Community Primary School,Primary,63,TQ13 9QB,283134,80815,E02004204,E01020223
144535,Devon,High Bickington Church of England Primary Academy,Primary,87,EX37 9AY,259969,120531,E02004226,E01020308
146248,Devon,Highampton Community Primary School,Primary,31,EX21 5LE,248803,104545,E02004229,E01020321
113210,Devon,Highweek Community Primary and Nursery School,Primary,341,TQ12 1TX,285476,71416,E02004215,E01020216
146254,Devon,Holbeton Primary School,Primary,36,PL8 1LT,261462,50160,E02004196,E01020159
113379,Devon,Holsworthy Church of England Primary School,Primary,281,EX22 6HD,234280,104224,E02004227,E01020294
145767,Devon,Holywell Church of England School,Primary,103,EX31 3HZ,255237,129812,E02004186,E01020122
113098,Devon,Honiton Primary School,Primary,440,EX14 1QF,316391,100946,E02004130,E01019933
113253,Devon,Horrabridge Primary & Nursery School,Primary,225,PL20 7SZ,251711,69571,E02004234,E01020342
113154,Devon,Horwood and Newton Tracey Community Primary School,Primary,111,EX31 3PU,252067,127432,E02004185,E01020119
143189,Devon,Ide Primary School,Primary,180,EX2 9RN,290024,90539,E02004201,E01020243
113381,Devon,Ilfracombe Church of England Junior School,Primary,450,EX34 9LW,251993,147357,E02004175,E01020111
113155,Devon,Ilfracombe Infant and Nursery School,Primary,360,EX34 8JL,251834,147153,E02004175,E01020111
136919,Devon,Ilsington Church of England Primary School,Primary,56,TQ13 9RE,278573,76191,E02004207,E01020237
113156,Devon,Instow Community Primary and Pre-School,Primary,135,EX39 4LU,248195,131093,E02004185,E01020119
113203,Devon,Ipplepen Primary School,Primary,179,TQ12 5QL,283499,66419,E02004219,E01020239
145768,Devon,Kenn Church of England Primary School,Primary,100,EX6 7TX,291626,86236,E02004202,E01020241
113357,Devon,Kentisbeare Church of England Primary School,Primary,152,EX15 2AD,306847,108246,E02004171,E01020056
113157,Devon,Kentisbury Primary School,Primary,44,EX31 4NG,262010,143392,E02004180,E01020127
145761,Devon,Kenton Primary School,Primary,100,EX6 8LX,295821,83246,E02004202,E01020245
113100,Devon,Kilmington Primary School,Primary,98,EX13 7RG,327296,97924,E02004135,E01019936
113158,Devon,Kings Nympton Community Primary School,Primary,49,EX37 9SP,268316,119279,E02004187,E01020097
113179,Devon,Kingsacre Primary School,Primary,213,EX33 1BQ,248189,136822,E02004179,E01020092
113205,Devon,Kingsbridge Community Primary School,Primary,384,TQ7 1NL,274059,44616,E02004198,E01020169
113398,Devon,Kingskerswell Church of England Primary School,Primary,396,TQ12 5HN,288387,68006,E02004218,E01020247
142670,Devon,Kingsteignton School,Primary,79,TQ12 3QY,286481,73917,E02004213,E01020256
141624,Devon,Kingswear Community Primary School,Primary,54,TQ6 0BJ,288498,51185,E02004192,E01020153
143185,Devon,Lady Modiford's Church of England Primary School,Primary,49,PL20 6JR,253297,69783,E02004234,E01020317
137642,Devon,Lady Seaward's Church of England Primary School,Primary,102,EX3 0RE,298312,88820,E02004142,E01019898
113080,Devon,Ladysmith Infant & Nursery School,Primary,325,EX1 2PS,293588,93058,E02004154,E01020009
113081,Devon,Ladysmith Junior School,Primary,348,EX1 2PT,293552,93124,E02004154,E01020009
113411,Devon,Lamerton Church of England Voluntary Controlled Primary School,Primary,49,PL19 8RJ,245016,76965,E02004232,E01020331
146093,Devon,Landkey Community Primary Academy,Primary,198,EX32 0LJ,259289,131142,E02004186,E01020121
113117,Devon,Landscore Primary School,Primary,301,EX17 3JH,282161,100360,E02004174,E01020061
142641,Devon,Landscove Church of England Primary School,Primary,90,TQ13 7LY,277434,66323,E02004190,E01020157
113160,Devon,Langtree Community School and Nursery Unit,Primary,103,EX38 8NF,245085,115707,E02004228,E01020301
137780,Devon,Lapford Community Primary School,Primary,69,EX17 6QE,273380,108466,E02004172,E01020073
144384,Devon,Lew Trenchard Church of England Primary School,Primary,106,EX20 4DP,245681,86777,E02004232,E01020325
113256,Devon,Lifton Community Primary School,Primary,118,PL16 0EH,238843,85193,E02004232,E01020340
113370,Devon,Littleham Church of England Primary School,Primary,180,EX8 2QY,302712,81311,E02004148,E01019914
137732,Devon,Littletown Primary Academy,Primary,448,EX14 2EG,316177,99812,E02004131,E01019929
113207,Devon,Loddiswell Primary School,Primary,104,TQ7 4BY,272142,48834,E02004194,E01020142
145332,Devon,Lydford Primary School,Primary,31,EX20 4AU,251409,85149,E02004231,E01020323
113358,Devon,Lympstone Church of England Primary School,Primary,169,EX8 5JY,299216,84290,E02004142,E01019965
113451,Devon,Lynton Church of England Primary School,Primary,67,EX35 6AF,272011,149334,E02004176,E01020126
113399,Devon,Malborough with South Huish Church of England Primary School,Primary,93,TQ7 3RN,270800,39785,E02004200,E01020172
113255,Devon,"Manor Primary School, Ivybridge",Primary,276,PL21 9BG,263196,56111,E02004193,E01020161
113465,Devon,Marldon Church of England Primary School,Primary,207,TQ3 1PD,286567,63175,E02004192,E01020170
113096,Devon,Marpool Primary School,Primary,461,EX8 3QW,301474,81928,E02004146,E01019922
113161,Devon,Marwood School,Primary,118,EX31 4HF,255086,138770,E02004180,E01020127
113264,Devon,Mary Tavy and Brentor Community Primary School,Primary,79,PL19 9PR,250680,79105,E02004234,E01020324
143192,Devon,Meavy Church of England Primary School,Primary,96,PL20 6PJ,254426,67124,E02004234,E01020317
142250,Devon,Membury Primary Academy,Primary,31,EX13 7AF,327648,102985,E02004129,E01019967
113258,Devon,Milton Abbot School,Primary,70,PL19 0PS,241036,78979,E02004232,E01020325
113335,Devon,Modbury Primary School,Primary,167,PL21 0RB,265666,51771,E02004196,E01020158
113162,Devon,Monkleigh Primary School,Primary,107,EX39 5JY,245732,120833,E02004224,E01020296
113082,Devon,Montgomery Primary School,Primary,401,EX4 1BS,291067,92112,E02004158,E01020029
113457,Devon,Morchard Bishop Church of England Primary School,Primary,102,EX17 6PJ,277276,107564,E02004173,E01020070
141285,Devon,Moretonhampstead Primary School,Primary,138,TQ13 8NA,275060,86319,E02004203,E01020258
141525,Devon,Mrs Ethelston's CofE Primary Academy,Primary,181,DT7 3TT,332449,93516,E02004135,E01019961
143182,Devon,Musbury Primary School,Primary,38,EX13 8BB,327532,94592,E02004135,E01019936
137012,Devon,Newport Community School Primary Academy,Primary,518,EX32 9BW,256968,132178,E02004184,E01020128
137664,Devon,Newton Ferrers Church of England Primary School,Primary,124,PL8 1AS,255182,48384,E02004197,E01020171
113103,Devon,Newton Poppleford Primary School,Primary,196,EX10 0EL,308649,89615,E02004141,E01019937
113104,Devon,Newton St Cyres Primary School,Primary,97,EX5 5DL,288107,98260,E02004173,E01020068
113083,Devon,Newtown Primary School,Primary,153,EX1 2BP,292891,92883,E02004156,E01019995
113163,Devon,North Molton School,Primary,92,EX36 3HL,273402,129602,E02004187,E01020131
145333,Devon,North Tawton Community Primary School and Nursery,Primary,224,EX20 2HB,266605,101611,E02004229,E01020326
145340,Devon,Northlew and Ashbury Parochial Church of England Primary School,Primary,38,EX20 3PB,250443,99084,E02004229,E01020322
113359,Devon,Offwell Church of England Primary School,Primary,79,EX14 9SA,319428,99576,E02004137,E01019901
145334,Devon,Okehampton Primary School and Foundation Unit,Primary,681,EX20 1JB,258547,95509,E02004230,E01020330
137644,Devon,Orchard Vale Community School,Primary,347,EX32 8QY,258329,132856,E02004184,E01020102
147496,Devon,Otterton Church of England Primary School,Primary,100,EX9 7HU,308034,85167,E02004141,E01019945
113105,Devon,Ottery St Mary Primary School,Primary,408,EX11 1HY,310447,95333,E02004136,E01019942
140695,Devon,Our Lady and St Patrick's Roman Catholic Primary School,Primary,210,TQ14 9DT,293097,73533,E02004210,E01020272
140739,Devon,"Our Lady's Catholic Primary School, Barnstaple",Primary,253,EX32 8DN,256594,133269,E02004182,E01020140
113164,Devon,Parkham Primary School,Primary,47,EX39 5PL,238695,121109,E02004224,E01020295
113382,Devon,Parracombe Church of England Primary School,Primary,34,EX31 4QJ,267098,144877,E02004176,E01020100
113360,Devon,Payhembury Church of England Primary School,Primary,100,EX14 3HT,308728,101684,E02004132,E01019960
138315,Devon,Pilton Bluecoat Church of England Academy,Primary,261,EX31 1JU,255489,133995,E02004181,E01020134
113128,Devon,Pilton Infants' School,Primary,178,EX31 1JU,255580,133948,E02004181,E01020134
113445,Devon,Pinhoe Church of England Primary School,Primary,423,EX4 8PE,296109,94459,E02004151,E01020003
113361,Devon,Plymtree Church of England Primary School,Primary,81,EX15 2JU,305354,102901,E02004132,E01019960
147494,Devon,Princetown Community Primary School,Primary,100,PL20 6QE,258929,73597,E02004231,E01020323
113495,Devon,Rackenford Church of England Primary School,Primary,53,EX16 8DU,285085,118165,E02004188,E01020138
142802,Devon,Redhills Community Primary School,Primary,277,EX4 2BY,290667,92489,E02004153,E01019985
145252,Devon,Rockbeare Church of England Primary School and Pre-School,Primary,85,EX5 2EQ,301939,94950,E02004134,E01019893
137528,Devon,Rydon Primary School,Primary,427,TQ12 3LP,287311,73848,E02004209,E01020250
137662,Devon,Salcombe Church of England Primary School,Primary,70,TQ8 8AG,273387,39106,E02004200,E01020172
137651,Devon,Sampford Peverell Church of England Primary School,Primary,111,EX16 7BR,302823,114275,E02004169,E01020045
113107,Devon,Sandford School,Primary,142,EX17 4NE,282908,102574,E02004173,E01020069
113108,Devon,Seaton Primary School,Primary,393,EX12 2HF,324384,90871,E02004138,E01019948
142803,Devon,Shaldon Primary School,Primary,210,TQ14 0DD,293158,72302,E02004211,E01020260
113262,Devon,Shaugh Prior Primary School,Primary,33,PL7 5HA,254335,63058,E02004189,E01020145
113166,Devon,Shebbear Community School,Primary,67,EX21 5SG,244194,109366,E02004228,E01020301
145907,Devon,Sherford Vale School,Primary,86,PL9 8FA,253908,53744,E02003151,E01015131
113167,Devon,Shirwell Community Primary School,Primary,50,EX31 4JT,259219,137202,E02004180,E01020127
113109,Devon,Shute Community Primary School,Primary,81,EX13 7QR,325346,97516,E02004135,E01019935
137649,Devon,Sidbury Church of England Primary School,Primary,158,EX10 0SB,313993,91766,E02004137,E01019951
143183,Devon,Sidmouth Church of England (VA) Primary School,Primary,510,EX10 9XB,312290,89054,E02004140,E01019958
113365,Devon,Silverton Church of England Primary School,Primary,113,EX5 4JY,295962,103225,E02004171,E01020071
137647,Devon,South Brent Primary School,Primary,188,TQ10 9JN,270019,60051,E02004190,E01020177
113168,Devon,South Molton Community Primary School,Primary,221,EX36 3BA,271036,126161,E02004187,E01020136
113454,Devon,South Molton United Church of England Primary School,Primary,188,EX36 4EN,271003,125153,E02004187,E01020135
145335,Devon,South Tawton Primary School,Primary,239,EX20 2LG,265099,93625,E02004231,E01020339
113139,Devon,Southmead School,Primary,347,EX33 2BU,249190,135985,E02004179,E01020089
139795,Devon,Sparkwell All Saints Primary School,Primary,97,PL7 5DD,257919,57694,E02004189,E01020149
113124,Devon,Spreyton School,Primary,30,EX17 5AJ,270047,96739,E02004231,E01020319
113479,Devon,St Andrew's Church of England Primary School,Primary,196,PL20 7NA,249002,68289,E02004235,E01020315
141527,Devon,St Andrew's CofE Primary Academy,Primary,110,EX13 7BJ,331204,104216,E02004133,E01019966
142183,Devon,St Andrew's Primary School,Primary,319,EX15 1HU,301871,107435,E02004170,E01020055
113463,Devon,St Catherine's CofE Primary School,Primary,181,TQ12 6SB,282865,75656,E02004207,E01020204
142559,Devon,St David's CofE Primary School,Primary,101,EX4 4EE,291571,92758,E02004156,E01020018
113456,Devon,St George's Church of England (VA) Infant and Nursery School,Primary,207,EX39 1HT,244766,129524,E02004220,E01020297
113165,Devon,St Giles-on-the-Heath Community School,Primary,98,PL15 9SD,236065,90633,E02004228,E01020286
145769,Devon,St Helen's Church of England School,Primary,207,EX39 5AP,242466,126449,E02004224,E01020295
145912,Devon,St James Church of England Primary and Nursery School,Primary,12,EX20 1GJ,259801,95875,E02004230,E01020327
140761,Devon,"St John the Baptist Roman Catholic Primary School, Dartmouth",Primary,68,TQ6 9HW,286451,50886,E02004195,E01020151
140762,Devon,St John's Catholic Primary School,Primary,175,EX16 5LB,294892,112822,E02004168,E01020078
140765,Devon,St Joseph's Catholic Primary School,Primary,140,TQ12 1PT,285169,71820,E02004212,E01020210
140766,Devon,"St Joseph's Catholic Primary School, Exmouth",Primary,183,EX8 1TA,300772,81026,E02004148,E01019912
142596,Devon,St Leonard's (CofE) Primary School (VC),Primary,591,EX2 4NQ,292683,91897,E02004157,E01020024
113453,Devon,St Margaret's Church of England (Aided) Junior School,Primary,242,EX39 1EL,244794,129366,E02004220,E01020297
113351,Devon,St Martin's CofE Primary & Nursery School,Primary,419,EX5 7DT,300298,95166,E02004134,E01019892
140772,Devon,"St Mary's Catholic Primary School, Axminster",Primary,124,EX13 5BE,330119,98317,E02004133,E01019889
140774,Devon,"St Mary's Catholic Primary School, Buckfast",Primary,97,TQ11 0EA,274042,67303,E02004217,E01020197
113385,Devon,St Mary's Church of England Primary School,Primary,415,EX39 2QN,245369,127424,E02004221,E01020300
113478,Devon,St Mary's Church of England Primary School,Primary,108,PL8 2AG,255213,52016,E02004197,E01020187
139818,Devon,St Michael's Church of England Primary Academy,Primary,417,EX1 2SN,293922,92652,E02004154,E01019989
113407,Devon,St Michael's Church of England Primary School,Primary,453,TQ12 3BQ,287028,73025,E02004209,E01020252
139394,Devon,St Nicholas Catholic Primary School,Primary,319,EX1 3EG,295323,92687,E02004159,E01020038
142045,Devon,St Peter's Church of England (VA) Junior School,Primary,141,PL19 9HW,248664,74354,E02004233,E01020335
113425,Devon,St Peter's Church of England Primary School,Primary,341,EX9 6QF,305816,82626,E02004145,E01019897
142164,Devon,St Rumon's Church of England (VC) Infants School,Primary,110,PL19 9EA,248361,74512,E02004233,E01020335
113442,Devon,St Sidwell's Church of England Primary School and Nursery,Primary,231,EX4 6PG,292524,93255,E02004152,E01020022
143191,Devon,St Thomas Primary School,Primary,188,EX2 9BB,291444,91741,E02004158,E01020032
147644,Devon,Starcross Primary School,Primary,100,EX6 8QD,297530,81636,E02004202,E01020244
146095,Devon,Sticklepath Community Primary Academy,Primary,453,EX31 2HH,254204,132478,E02004183,E01020123
137454,Devon,Stockland Church of England Primary Academy,Primary,107,EX14 9EF,324651,104455,E02004129,E01019938
113367,Devon,Stoke Canon Church of England Primary School and Pre-School,Primary,103,EX5 4AS,293971,97984,E02004134,E01019903
141286,Devon,Stoke Fleming Community Primary School,Primary,139,TQ6 0QA,285865,48524,E02004199,E01020175
142639,Devon,Stoke Gabriel Primary School,Primary,103,TQ9 6ST,284797,57202,E02004192,E01020156
113086,Devon,Stoke Hill Infants and Nursery School,Primary,310,EX4 7DB,293278,94066,E02004150,E01020000
113087,Devon,Stoke Hill Junior School,Primary,355,EX4 7DP,293293,94333,E02004149,E01019998
113222,Devon,Stokeinteignhead School,Primary,96,TQ12 4QE,291623,70421,E02004211,E01020261
113223,Devon,Stokenham Area Primary School,Primary,211,TQ7 2SJ,280318,42925,E02004199,E01020178
137963,Devon,Stowford School,Primary,436,PL21 0BG,264143,56456,E02004193,E01020163
113455,Devon,Swimbridge Church of England Primary School,Primary,106,EX32 0PJ,261771,130129,E02004180,E01020120
113265,Devon,Tavistock  Primary & Nursery School,Primary,384,PL19 8BX,247632,73771,E02004233,E01020334
145345,Devon,Tedburn St Mary School,Primary,87,EX6 6AA,281652,94076,E02004201,E01020263
136493,Devon,"Teignmouth Community School, Mill Lane",Primary,323,TQ14 9BB,292795,73734,E02004210,E01020272
113430,Devon,The Beacon Church of England (VA) Primary School,Primary,198,EX8 2SR,300138,80744,E02004147,E01019916
113340,Devon,The Castle Primary School,Primary,320,EX16 6QR,295764,112869,E02004168,E01020048
145844,Devon,The Clinton Church of England Primary School,Primary,23,EX20 3EQ,252688,111834,E02004226,E01020287
140078,Devon,The Duchy School Bradninch,Primary,200,EX5 4RF,299516,103489,E02004171,E01020043
113254,Devon,The Erme Primary School,Primary,115,PL21 0AJ,263571,56477,E02004193,E01020161
113234,Devon,The Grove School,Primary,305,TQ9 5ED,280205,60320,E02004191,E01020183
131108,Devon,The Topsham School,Primary,235,EX3 0DN,296295,88348,E02004163,E01033235
113368,Devon,Thorverton Church of England Primary School,Primary,84,EX5 5NR,292521,102050,E02004171,E01020044
144074,Devon,Thurlestone All Saints Church of England Academy,Primary,138,TQ7 3NB,267795,43181,E02004200,E01020179
143184,Devon,Tidcombe Primary School,Primary,217,EX16 4BP,297328,112357,E02004165,E01020051
113438,Devon,Tipton St John Church of England Primary School,Primary,89,EX10 0AG,308797,91815,E02004136,E01019940
146534,Devon,Totnes St John's Church of England Primary School,Primary,148,TQ9 5TZ,281037,60103,E02004191,E01020180
141955,Devon,Trinity Church of England Voluntary Aided Primary and Nursery School,Primary,123,EX2 7GB,295952,90091,E02004163,E01020033
113341,Devon,Two Moors Primary School,Primary,412,EX16 6HH,296176,113365,E02004167,E01020065
139887,Devon,Uffculme Primary School,Primary,218,EX15 3AY,306904,112896,E02004166,E01020063
113331,Devon,Ugborough Primary School,Primary,98,PL21 0NJ,267680,55886,E02004190,E01020160
141847,Devon,Umberleigh Primary Academy,Primary,47,EX37 9AD,261114,123907,E02004187,E01020097
113369,Devon,Uplowman Church of England Primary School,Primary,72,EX16 7DR,301746,115828,E02004169,E01020059
113112,Devon,Upottery Primary School,Primary,104,EX14 9QT,320236,107827,E02004129,E01019938
113434,Devon,Webber's Church of England Primary School,Primary,83,TA21 0PE,305776,118906,E02004164,E01020046
144896,Devon,Wembury Primary School,Primary,199,PL9 0EB,252770,49573,E02004197,E01020185
144070,Devon,West Alvington Church of England Academy,Primary,50,TQ7 3PP,272356,43829,E02004198,E01020189
113132,Devon,West Croft School,Primary,658,EX39 3DE,244905,126027,E02004223,E01020284
113172,Devon,West Down School,Primary,117,EX34 8NF,251390,142078,E02004178,E01020108
113106,Devon,West Hill Primary School,Primary,215,EX11 1UQ,306794,93802,E02004136,E01019940
142390,Devon,Westcliff Primary Academy,Primary,350,EX7 9RA,295482,76482,E02004206,E01020234
142886,Devon,Westclyst Community Primary School,Primary,112,EX1 3YG,296722,95090,E02004134,E01019893
113113,Devon,Whimple Primary School,Primary,147,EX5 2TS,304473,97356,E02004132,E01019962
146600,Devon,Whipton Barton Infants and Nursery School,Primary,100,EX1 3JP,294729,93422,E02004155,E01020037
146578,Devon,Whipton Barton Junior School,Primary,100,EX1 3JP,294785,93390,E02004155,E01020037
113267,Devon,Whitchurch Community Primary School,Primary,217,PL19 9SR,248663,72914,E02004233,E01020338
136563,Devon,Widecombe-in-the-Moor Primary,Primary,73,TQ13 7TB,271790,76781,E02004203,E01020259
137659,Devon,Wilcombe Primary School,Primary,183,EX16 4AL,296818,112428,E02004167,E01020053
113114,Devon,Willand School,Primary,412,EX15 2QL,303648,110923,E02004169,E01020062
145763,Devon,Willowbank Primary School,Primary,298,EX15 1EZ,301640,107044,E02004170,E01020058
132778,Devon,Willowbrook School,Primary,408,EX4 8NN,294686,94061,E02004151,E01019992
113174,Devon,Winkleigh Primary School,Primary,230,EX19 8JQ,263095,107779,E02004226,E01020311
144560,Devon,Witheridge Church of England Primary Academy,Primary,97,EX16 8AH,280659,114199,E02004188,E01020138
113355,Devon,Withycombe Raleigh Church of England Primary School,Primary,619,EX8 3BA,301153,82083,E02004146,E01019922
113477,Devon,Wolborough Church of England (Aided) Nursery and Primary School,Primary,230,TQ12 2JX,286027,71250,E02004214,E01020218
113440,Devon,Woodbury Church of England Primary School,Primary,202,EX5 1EA,301221,87295,E02004141,E01019963
113441,Devon,Woodbury Salterton Church of England Primary School,Primary,77,EX5 1PP,301471,88912,E02004141,E01019945
143412,Devon,Woodlands Park Primary School,Primary,299,PL21 9TF,262465,56408,E02004193,E01020167
139019,Devon,Woodwater Academy,Primary,325,EX2 5AW,294978,91780,E02004159,E01020027
145765,Devon,Woolacombe School,Primary,244,EX34 7BT,246130,143717,E02004178,E01020108
113176,Devon,Woolsery Primary School,Primary,137,EX39 5QS,233125,121007,E02004224,E01020288
134171,Devon,Wynstream School,Primary,385,EX2 6AY,293868,91370,E02004161,E01020010
136635,Devon,Yealmpton Primary School,Primary,164,PL8 2HF,257422,51595,E02004196,E01020190
146531,Devon,Yeo Valley Primary School,Primary,240,EX32 7HB,256208,133584,E02004182,E01020095
145344,Devon,Yeoford Community Primary School,Primary,48,EX17 5HZ,278162,98485,E02004172,E01020082
146567,Devon,Atlantic Academy,Secondary,164,EX39 5DW,235687,122823,E02004224,E01020295
142124,Devon,Atrium Studio School,Secondary,122,TQ13 7EW,276365,70904,E02004217,E01020195
144392,Devon,Axe Valley Academy,Secondary,624,EX13 5EA,329958,98680,E02004133,E01019887
142540,Devon,Bideford College,Secondary,1265,EX39 3AR,244378,126425,E02004223,E01020283
138041,Devon,Braunton Academy,Secondary,715,EX33 2BP,249131,135927,E02004179,E01020089
137024,Devon,Chulmleigh Community College,Secondary,604,EX18 7AA,268614,114681,E02004188,E01020098
136638,Devon,Clyst Vale Community College,Secondary,868,EX5 3AJ,298538,96426,E02004134,E01019892
136366,Devon,Colyton Grammar School,Secondary,911,EX24 6HN,324425,92556,E02004135,E01019900
137176,Devon,Coombeshead Academy,Secondary,989,TQ12 1PT,285341,71830,E02004212,E01020210
113502,Devon,Cullompton Community College,Secondary,691,EX15 1DX,302041,106710,E02004170,E01020055
147643,Devon,Dawlish College,Secondary,500,EX7 0BY,296590,77098,E02004206,E01020228
136612,Devon,Exmouth Community College,Secondary,2236,EX8 3AF,300633,81773,E02004144,E01019910
137228,Devon,Great Torrington School,Secondary,738,EX38 7DJ,250222,119493,E02004225,E01020307
145343,Devon,Holsworthy Community College,Secondary,536,EX22 6JD,234162,104059,E02004227,E01020294
136912,Devon,Honiton Community College,Secondary,739,EX14 1QT,316181,100904,E02004130,E01019932
139682,Devon,Isca,Secondary,835,EX2 6AP,293468,90877,E02004161,E01020010
136336,Devon,Ivybridge Community College,Secondary,2448,PL21 0JA,263900,56514,E02004193,E01020164
113520,Devon,King Edward VI Community College,Secondary,993,TQ9 5JX,279691,61152,E02004191,E01020180
136367,Devon,Kingsbridge Academy,Secondary,1376,TQ7 1PL,273049,43827,E02004198,E01020189
137124,Devon,Newton Abbot College,Secondary,1129,TQ12 2NF,285672,71660,E02004212,E01020219
145337,Devon,Okehampton College,Secondary,1427,EX20 1PW,258975,94905,E02004230,E01020328
136867,Devon,Pilton Community College,Secondary,1170,EX31 1RB,255153,134114,E02004181,E01020132
136646,Devon,Queen Elizabeth's,Secondary,1354,EX17 3LU,282666,100475,E02004174,E01020061
113503,Devon,Sidmouth College,Secondary,736,EX10 9LG,313012,89375,E02004139,E01019952
136569,Devon,South Dartmoor Community College,Secondary,1184,TQ13 7EW,276349,70839,E02004217,E01020195
141749,Devon,South Devon UTC,Secondary,165,TQ12 2QA,286290,71666,E02004214,E01020217
113512,Devon,South Molton Community College,Secondary,613,EX36 4LA,271441,125293,E02004187,E01020135
142805,Devon,St James School,Secondary,905,EX4 8NN,294581,94279,E02004151,E01019992
147401,Devon,St Luke's Church of England School,Secondary,500,EX1 3RD,295660,93514,E02004151,E01020005
113553,Devon,St Peter's Church of England Aided School,Secondary,1270,EX2 5AP,295386,92055,E02004159,E01020026
145336,Devon,Tavistock College,Secondary,1281,PL19 8DD,247445,73539,E02004233,E01020334
136494,Devon,Teign School,Secondary,943,TQ12 3JG,286588,73855,E02004213,E01020256
136495,Devon,"Teignmouth Community School, Exeter Road",Secondary,1027,TQ14 9HZ,293738,73638,E02004208,E01020266
139553,Devon,The Ilfracombe Church of England Academy,Secondary,965,EX34 9JB,252390,147177,E02004175,E01020111
136673,Devon,The King's School,Secondary,1090,EX11 1RA,308904,95323,E02004136,E01019942
146094,Devon,The Park Community School,Secondary,500,EX32 9AX,256446,132026,E02004184,E01020128
113548,Devon,Tiverton High School,Secondary,1216,EX16 6SQ,295118,113431,E02004168,E01020048
136287,Devon,Uffculme School,Secondary,1032,EX15 3AG,306407,112895,E02004166,E01020063
145404,Devon,West Exe School,Secondary,936,EX2 9JU,291375,90856,E02004160,E01019973